Campaign,Ad group,Match type,Keyword,Final URL
Search - Yiwu Sourcing Leads,Yiwu Sourcing Agent,Phrase,"yiwu sourcing agent",https://yiwugoagent.com/
Search - Yiwu Sourcing Leads,Yiwu Sourcing Agent,Exact,"yiwu sourcing agent",https://yiwugoagent.com/
Search - Yiwu Sourcing Leads,Yiwu Sourcing Agent,Phrase,"yiwu buying agent",https://yiwugoagent.com/
Search - Yiwu Sourcing Leads,Yiwu Sourcing Agent,Exact,"yiwu buying agent",https://yiwugoagent.com/
Search - Yiwu Sourcing Leads,Yiwu Sourcing Agent,Phrase,"yiwu market agent",https://yiwugoagent.com/
Search - Yiwu Sourcing Leads,Yiwu Sourcing Agent,Phrase,"yiwu procurement agent",https://yiwugoagent.com/
Search - Yiwu Sourcing Leads,China Sourcing Agent,Phrase,"china sourcing agent",https://yiwugoagent.com/
Search - Yiwu Sourcing Leads,China Sourcing Agent,Exact,"china sourcing agent",https://yiwugoagent.com/
Search - Yiwu Sourcing Leads,China Sourcing Agent,Phrase,"china buying agent",https://yiwugoagent.com/
Search - Yiwu Sourcing Leads,China Sourcing Agent,Phrase,"china procurement agent",https://yiwugoagent.com/
Search - Yiwu Sourcing Leads,China Sourcing Agent,Phrase,"product sourcing agent china",https://yiwugoagent.com/
Search - Yiwu Sourcing Leads,Yiwugo Buying Service,Phrase,"yiwugo agent",https://yiwugoagent.com/blog/how-to-buy-from-yiwugo-safely-2026.html
Search - Yiwu Sourcing Leads,Yiwugo Buying Service,Phrase,"yiwugo buying agent",https://yiwugoagent.com/blog/how-to-buy-from-yiwugo-safely-2026.html
Search - Yiwu Sourcing Leads,Yiwugo Buying Service,Phrase,"how to buy from yiwugo",https://yiwugoagent.com/blog/how-to-buy-from-yiwugo-safely-2026.html
Search - Yiwu Sourcing Leads,Yiwugo Buying Service,Phrase,"buy from yiwugo",https://yiwugoagent.com/blog/how-to-buy-from-yiwugo-safely-2026.html
Search - Yiwu Sourcing Leads,Warehouse Consolidation,Phrase,"china warehouse consolidation",https://yiwugoagent.com/blog/cut-china-shipping-costs-warehouse-consolidation.html
Search - Yiwu Sourcing Leads,Warehouse Consolidation,Phrase,"yiwu warehouse consolidation",https://yiwugoagent.com/blog/cut-china-shipping-costs-warehouse-consolidation.html
Search - Yiwu Sourcing Leads,Warehouse Consolidation,Phrase,"china freight consolidation",https://yiwugoagent.com/blog/cut-china-shipping-costs-warehouse-consolidation.html
Search - Yiwu Sourcing Leads,Warehouse Consolidation,Phrase,"consolidate shipments from china",https://yiwugoagent.com/blog/cut-china-shipping-costs-warehouse-consolidation.html
Search - Yiwu Sourcing Leads,Amazon FBA and Ecommerce Sourcing,Phrase,"china sourcing agent for amazon fba",https://yiwugoagent.com/blog/why-small-ecommerce-sellers-need-yiwu-sourcing-agent-2026.html
Search - Yiwu Sourcing Leads,Amazon FBA and Ecommerce Sourcing,Phrase,"amazon fba sourcing agent china",https://yiwugoagent.com/blog/why-small-ecommerce-sellers-need-yiwu-sourcing-agent-2026.html
Search - Yiwu Sourcing Leads,Amazon FBA and Ecommerce Sourcing,Phrase,"shopify sourcing agent china",https://yiwugoagent.com/blog/why-small-ecommerce-sellers-need-yiwu-sourcing-agent-2026.html
Search - Yiwu Sourcing Leads,Amazon FBA and Ecommerce Sourcing,Phrase,"low moq sourcing agent china",https://yiwugoagent.com/blog/why-small-ecommerce-sellers-need-yiwu-sourcing-agent-2026.html
